Attributes,Volume,Volume,Volume,Adj Close,Adj Close,Adj Close
Symbols,GSK,PFE,AZN,GSK,PFE,AZN
Date,,,,,,
2018-01-02,9465500.0,16185800.0,6107400.0,32.10053253173828,32.92734146118164,31.99385643005371
2018-01-03,6600800.0,13456500.0,4195400.0,31.978849411010742,33.171302795410156,32.057151794433594
2018-01-04,5206400.0,12378100.0,3870900.0,32.03968811035156,33.24359893798828,32.10236740112305
2018-01-05,7250700.0,12492900.0,3336000.0,32.60468292236328,33.30685043334961,32.43695831298828
2018-01-08,5909100.0,18941500.0,1826300.0,32.509071350097656,32.93637466430664,32.21088409423828
2018-01-09,5285600.0,16011600.0,1761100.0,32.117916107177734,32.90022277832031,32.07524490356445
2018-01-10,5303100.0,17794900.0,2150100.0,31.63984489440918,32.954444885253906,31.894380569458008
2018-01-11,4567400.0,14328800.0,2762400.0,32.022308349609375,33.03577423095703,32.011940002441406
2018-01-12,4999700.0,19203700.0,3017700.0,32.59599685668945,33.017696380615234,32.23801040649414
2018-01-16,7438900.0,28972200.0,4756500.0,32.96106719970703,33.07190704345703,31.641178131103516
2018-01-17,6390300.0,24034500.0,2844600.0,33.16099166870117,33.59600830078125,31.72256088256836
2018-01-18,4316200.0,18924600.0,3102500.0,33.178375244140625,33.42432403564453,31.71352195739746
2018-01-19,3478100.0,29538600.0,2527100.0,33.20445251464844,33.3791389465332,32.04811096191406
2018-01-22,4231900.0,20285100.0,2277100.0,33.51737594604492,33.37010955810547,32.50025939941406
2018-01-23,3553000.0,17578000.0,3529600.0,33.63037109375,33.27070617675781,32.61781311035156
2018-01-24,5018100.0,17716500.0,5419300.0,33.595603942871094,33.37010955810547,32.427913665771484
2018-01-25,4696700.0,18015400.0,3579400.0,33.34352493286133,33.64118576049805,32.69015884399414
2018-01-26,4289600.0,48805900.0,5028800.0,33.934600830078125,35.249603271484375,33.12422561645508
2018-01-29,3943000.0,34894700.0,3680700.0,33.439144134521484,35.258628845214844,32.753456115722656
2018-01-30,3753700.0,45999700.0,3901500.0,33.126224517822266,34.1562385559082,32.32844543457031
2018-01-31,4677700.0,34022700.0,4888100.0,32.60468292236328,33.469505310058594,31.704477310180664
2018-02-01,3251300.0,28176400.0,3930400.0,32.67422866821289,33.58805847167969,31.776824951171875
2018-02-02,3343800.0,24277900.0,7475900.0,32.24829864501953,33.387428283691406,32.464088439941406
2018-02-05,6254400.0,40288100.0,8558500.0,30.848854064941406,31.61818504333496,30.546981811523438
2018-02-06,9096700.0,53164200.0,10560000.0,31.283466339111328,32.17449188232422,31.017213821411133
2018-02-07,6675700.0,29370000.0,6619600.0,31.318227767944336,31.900901794433594,30.655500411987305
2018-02-08,7331500.0,43501700.0,8095400.0,31.43992042541504,30.66973876953125,30.836360931396484
2018-02-09,5872300.0,47297700.0,8803400.0,31.71807289123535,31.153085708618164,30.393259048461914
2018-02-12,5910500.0,36758700.0,4868800.0,31.526844024658203,31.609066009521484,30.827312469482422
2018-02-13,3964100.0,20455000.0,2671100.0,31.69198989868164,31.86442756652832,30.800188064575195
2018-02-14,3443100.0,23239800.0,4727600.0,32.00492477416992,32.09241485595703,31.143814086914062
2018-02-15,3306500.0,21431100.0,3489300.0,32.430843353271484,32.566646575927734,31.636688232421875
2018-02-16,4690000.0,26242500.0,4257000.0,32.769840240478516,33.0682373046875,31.552993774414062
2018-02-20,4077500.0,25808700.0,5542500.0,32.4482307434082,32.840232849121094,31.283308029174805
2018-02-21,3459200.0,24546800.0,4971700.0,32.33523178100586,32.612239837646484,31.460002899169922
2018-02-22,2938100.0,22754700.0,2593100.0,32.35441589355469,32.5940055847168,31.32981300354004
2018-02-23,2781800.0,17020900.0,2803900.0,32.593292236328125,33.0682373046875,31.62738800048828
2018-02-26,2472200.0,24105600.0,2739600.0,32.73484420776367,33.82516860961914,31.794776916503906
2018-02-27,1825500.0,22336900.0,1982800.0,32.301326751708984,33.56069564819336,31.478595733642578
2018-02-28,2463100.0,26907900.0,3592400.0,32.124385833740234,33.113834381103516,30.86483383178711
2018-03-01,2802300.0,28731400.0,4684400.0,31.82357406616211,32.493682861328125,30.660249710083008
2018-03-02,1814100.0,21130300.0,6761400.0,32.04475784301758,32.785518646240234,30.836936950683594
2018-03-05,2401200.0,21176100.0,3889000.0,32.54020690917969,32.9405517578125,31.525094985961914
2018-03-06,2442100.0,17081100.0,3072700.0,32.672908782958984,32.721683502197266,31.41349983215332
2018-03-07,2623700.0,22239400.0,1528700.0,32.96487045288086,32.76728057861328,31.348405838012695
2018-03-08,3649200.0,20537600.0,1913700.0,33.19490051269531,33.28710174560547,31.41349983215332
2018-03-09,2386200.0,18311900.0,2299900.0,33.053340911865234,33.5333366394043,31.42280387878418
2018-03-12,2111900.0,25210300.0,2527600.0,33.309913635253906,33.387428283691406,31.478595733642578
2018-03-13,2022200.0,28046200.0,4037200.0,32.849857330322266,33.51510238647461,31.450702667236328
2018-03-14,2041900.0,22180700.0,2721400.0,32.8321647644043,33.150306701660156,31.469303131103516
2018-03-15,1648000.0,19457600.0,2193600.0,32.664066314697266,33.360069274902344,31.450702667236328
2018-03-16,1668700.0,32376900.0,4318200.0,32.98257064819336,33.54245376586914,32.16676330566406
2018-03-19,2141000.0,18978900.0,6252400.0,32.63751983642578,33.13207244873047,32.148155212402344
2018-03-20,1946700.0,19256000.0,3495300.0,32.52250671386719,33.13207244873047,32.33414840698242
2018-03-21,1982500.0,18094300.0,2619400.0,32.52250671386719,33.07735061645508,32.18535614013672
2018-03-22,2915800.0,20962700.0,3683700.0,31.982826232910156,32.46632766723633,32.05516815185547
2018-03-23,7868300.0,27880200.0,3967100.0,33.106422424316406,31.45403480529785,31.776180267333984
2018-03-26,2937800.0,23649400.0,3749600.0,33.11527633666992,31.955617904663086,32.32484817504883
2018-03-27,6769100.0,27357900.0,3938000.0,33.9646110534668,31.92826271057129,32.241153717041016
2018-03-28,6227600.0,24999700.0,5121700.0,34.84048843383789,32.1927375793457,32.66892623901367
2018-03-29,3641900.0,23533900.0,4010000.0,34.56622314453125,32.36600875854492,32.5201416015625
2018-04-02,2771900.0,26872200.0,3709200.0,34.37158203125,31.96473503112793,32.25975036621094
2018-04-03,2910200.0,20254200.0,4806100.0,34.75201416015625,32.53928756713867,32.75262451171875
2018-04-04,3905300.0,20883000.0,3138800.0,35.318241119384766,32.949676513671875,32.75262451171875
2018-04-05,3119200.0,24460900.0,3742400.0,35.265159606933594,32.58488464355469,32.87351608276367
2018-04-06,4071100.0,21146300.0,4298700.0,35.32708740234375,32.07417297363281,32.9386100769043
2018-04-09,3248200.0,19409200.0,4310400.0,35.64559555053711,32.338653564453125,33.384986877441406
2018-04-10,3654600.0,19608400.0,6668300.0,36.256046295166016,32.785518646240234,34.11963653564453
2018-04-11,2984600.0,13168800.0,5384400.0,35.893314361572266,32.63960647583008,33.88715362548828
2018-04-12,2695800.0,22597700.0,3596700.0,35.93754959106445,33.12295150756836,33.8127555847168
2018-04-13,1690500.0,16863700.0,3158000.0,35.90216064453125,33.12295150756836,33.77555847167969
2018-04-16,1751800.0,15116100.0,4385000.0,35.80484390258789,33.3144645690918,33.2454948425293
2018-04-17,2382800.0,16770000.0,3080400.0,35.84022903442383,33.13207244873047,33.34778594970703
2018-04-18,3419600.0,13901800.0,2801100.0,35.778297424316406,33.277984619140625,33.45937728881836
2018-04-19,3212100.0,15784300.0,9807000.0,35.28285217285156,33.3144645690918,32.920013427734375
2018-04-20,2924200.0,21225800.0,2488500.0,35.389015197753906,33.40566635131836,32.86421203613281
2018-04-23,3387800.0,24080700.0,2833400.0,35.68098068237305,33.56069564819336,33.03160858154297
2018-04-24,4041500.0,25717600.0,3621800.0,35.95524215698242,33.797813415527344,32.659629821777344
2018-04-25,5918500.0,26309500.0,3351200.0,34.61045837402344,33.451263427734375,32.817718505859375
2018-04-26,3967200.0,19360200.0,2841200.0,35.56595993041992,33.606292724609375,32.827022552490234
2018-04-27,4842500.0,13686100.0,3070800.0,35.88446807861328,33.74309539794922,33.096702575683594
2018-04-30,2382000.0,26846100.0,3082800.0,35.48634338378906,33.387428283691406,33.04090118408203
2018-05-01,2332100.0,48651000.0,6419000.0,35.42441177368164,32.283939361572266,33.60816955566406
2018-05-02,2581600.0,28036300.0,5403400.0,34.95550537109375,31.818824768066406,33.05020523071289
2018-05-03,2074900.0,22313000.0,4985100.0,35.03512954711914,31.700265884399414,33.31058883666992
2018-05-04,1732900.0,18781700.0,5477500.0,35.229766845703125,31.773221969604492,33.087398529052734
2018-05-07,2009100.0,20474400.0,3168700.0,35.25630569458008,31.85529899597168,33.450077056884766
2018-05-08,2394100.0,26821300.0,4682700.0,35.04397964477539,31.900901794433594,33.161800384521484
2018-05-09,2590700.0,19383500.0,3930900.0,35.58366012573242,32.07417297363281,33.626773834228516
2018-05-10,1828900.0,29323200.0,2629600.0,35.7657585144043,32.26756286621094,33.487281799316406
2018-05-11,2416500.0,20512300.0,3441000.0,35.864315032958984,32.691165924072266,33.84995651245117
2018-05-14,1889700.0,20384300.0,3362400.0,35.87327575683594,33.02268600463867,33.868553161621094
2018-05-15,1751600.0,18354500.0,4401400.0,35.59553146362305,32.86613464355469,33.701168060302734
2018-05-16,2168300.0,20750200.0,3442400.0,35.729923248291016,32.8569221496582,33.94294738769531
2018-05-17,1835100.0,12354300.0,5134500.0,35.92702102661133,32.884552001953125,33.88715362548828
2018-05-18,3125900.0,14928500.0,5758500.0,35.864315032958984,32.820091247558594,33.78485870361328
2018-05-21,1648600.0,16890800.0,8240800.0,35.88222885131836,32.96742630004883,34.21263885498047
2018-05-22,3240700.0,13735600.0,7644100.0,36.13309097290039,32.893768310546875,34.45442199707031
2018-05-23,2776300.0,19315600.0,4918300.0,35.99870681762695,33.12397384643555,34.25912857055664
2018-05-24,2142300.0,16625300.0,3520200.0,35.864315032958984,33.0503044128418,34.29633331298828
2018-05-25,1878700.0,14236600.0,5445200.0,35.70303726196289,32.8569221496582,34.44512176513672
2018-05-29,2137500.0,26735900.0,2745100.0,35.6492919921875,32.875343322753906,33.83135986328125
2018-05-30,2448900.0,27603200.0,2470700.0,36.43770980834961,33.19765090942383,34.27772903442383
2018-05-31,3069700.0,29342000.0,5900300.0,36.30331802368164,33.08715057373047,34.435821533203125
2018-06-01,1437600.0,21200200.0,2730500.0,36.5093879699707,33.38182067871094,34.231231689453125
2018-06-04,1640300.0,18041100.0,2193400.0,36.46459197998047,33.56600570678711,34.175437927246094
2018-06-05,1943800.0,20375800.0,1537100.0,36.2585334777832,33.55678939819336,33.9150505065918
2018-06-06,1902000.0,18375800.0,2738500.0,36.42875289916992,33.50154113769531,34.04524612426758
2018-06-07,1454800.0,16208100.0,2039900.0,36.49147415161133,33.602840423583984,33.8127555847168
2018-06-08,1783200.0,15610800.0,2640200.0,36.75129318237305,33.768592834472656,33.868553161621094
2018-06-11,1597900.0,18506300.0,1601700.0,36.903594970703125,33.42787170410156,33.822059631347656
2018-06-12,2054400.0,15533100.0,2377700.0,36.91255569458008,33.42787170410156,33.626773834228516
2018-06-13,1834500.0,15208000.0,2476500.0,36.85879898071289,33.35419845581055,33.64537048339844
2018-06-14,3505000.0,18936800.0,2870600.0,37.5755500793457,33.2989501953125,33.924346923828125
2018-06-15,2436600.0,46638500.0,2072000.0,37.12757873535156,33.48311996459961,33.859256744384766
2018-06-18,1574000.0,22906500.0,1900700.0,36.97528076171875,33.2989501953125,33.57096862792969
2018-06-19,1663600.0,17537600.0,1991800.0,36.76921463012695,33.35419845581055,33.422183990478516
2018-06-20,2339500.0,20260200.0,1731600.0,36.760250091552734,33.57521057128906,33.598873138427734
2018-06-21,1747800.0,16027600.0,5349000.0,36.563140869140625,33.42787170410156,32.68752670288086
2018-06-22,1592100.0,25634200.0,5372800.0,36.63481521606445,33.62125015258789,32.60382843017578
2018-06-25,2738500.0,19378100.0,2818200.0,35.7657585144043,33.50154113769531,32.5201416015625
2018-06-26,2175400.0,24131900.0,5032200.0,35.88222885131836,33.50154113769531,32.43644332885742
2018-06-27,2031700.0,27890100.0,5176100.0,35.47010040283203,33.344993591308594,32.12955856323242
2018-06-28,2619100.0,15660500.0,2941300.0,35.45218276977539,33.48311996459961,32.45504379272461
2018-06-29,2361500.0,19900100.0,3455400.0,36.115177154541016,33.40945053100586,32.650333404541016
2018-07-02,2552100.0,13810600.0,4119700.0,35.9449462890625,33.45549774169922,32.38064193725586
2018-07-03,1615200.0,9115900.0,1909600.0,36.41979217529297,33.47391128540039,32.32484817504883
2018-07-05,1369100.0,19346400.0,3715700.0,36.49147415161133,33.9527702331543,32.48293685913086
2018-07-06,1865700.0,17984300.0,2736100.0,36.75129318237305,34.17378234863281,32.715423583984375
2018-07-09,2133400.0,21185400.0,2062500.0,36.73337173461914,34.219825744628906,32.8828125
2018-07-10,2142900.0,19216200.0,2407800.0,37.118621826171875,34.46845626831055,33.10599899291992
2018-07-11,1444100.0,16883600.0,2717600.0,36.82296371459961,34.265869140625,32.95720672607422
2018-07-12,2374400.0,16105200.0,8103200.0,37.40531539916992,34.55134201049805,34.370723724365234
2018-07-13,1439100.0,14447100.0,5218800.0,37.3963623046875,34.560550689697266,34.55671310424805
2018-07-16,1254700.0,16972200.0,3288200.0,36.91255569458008,34.42242431640625,34.09174346923828
2018-07-17,2254300.0,14933600.0,3201700.0,36.85879898071289,34.67105484008789,34.56601333618164
2018-07-18,2087400.0,19737600.0,3626600.0,36.70648956298828,34.680267333984375,34.71480178833008
2018-07-19,2159100.0,15746500.0,2809000.0,36.455623626708984,34.40400695800781,34.435821533203125
2018-07-20,10914800.0,14737000.0,2004700.0,37.51283264160156,34.376380920410156,34.56601333618164
2018-07-23,3438400.0,19784700.0,1739700.0,36.67961502075195,34.265869140625,34.55671310424805
2018-07-24,3575200.0,16892600.0,1748700.0,36.92151641845703,34.717098236083984,34.79849624633789
2018-07-25,5071700.0,16291300.0,2712200.0,36.30331802368164,34.98414993286133,34.81709671020508
2018-07-26,3528200.0,23567900.0,6361300.0,36.15997314453125,35.14070129394531,35.477359771728516
2018-07-27,2303500.0,20979100.0,5824600.0,36.51834487915039,35.37092590332031,35.55175018310547
2018-07-30,1756900.0,20855300.0,5274900.0,36.805049896240234,35.536678314208984,35.79353713989258
2018-07-31,3080500.0,48232800.0,6709700.0,37.2619743347168,36.770652770996094,36.388702392578125
2018-08-01,3324500.0,31057500.0,3860500.0,36.81400680541992,37.0837516784668,36.03532028198242
2018-08-02,4340500.0,30246000.0,4556800.0,36.36603927612305,36.82371520996094,36.026023864746094
2018-08-03,3208600.0,25966200.0,4095400.0,36.57209777832031,37.650272369384766,35.95163345336914
2018-08-06,1726900.0,26071700.0,3278000.0,36.643775939941406,38.11463165283203,35.5982551574707
2018-08-07,2648300.0,17958800.0,3970000.0,37.12757873535156,37.92888641357422,36.146915435791016
2018-08-08,2059600.0,24513700.0,2863500.0,37.27989196777344,38.458255767822266,36.50029754638672
2018-08-09,1930600.0,19090400.0,6829400.0,37.049217224121094,38.077484130859375,37.26228713989258
2018-08-10,2204300.0,17262000.0,5708400.0,36.40544509887695,38.01247787475586,37.045921325683594
2018-08-13,3290800.0,18843100.0,3009200.0,36.06087875366211,37.90102767944336,36.70725631713867
2018-08-14,1710700.0,16448600.0,4422400.0,36.08808135986328,37.80815505981445,36.66962432861328
2018-08-15,3478400.0,21279400.0,6109000.0,36.686527252197266,38.226078033447266,36.171043395996094
2018-08-16,2604000.0,15614300.0,6798400.0,37.02202224731445,38.46754455566406,35.7100830078125
2018-08-17,1872900.0,24583200.0,8235400.0,37.40284729003906,39.08979034423828,35.860595703125
2018-08-20,2051600.0,21367200.0,6166000.0,37.47538757324219,39.31268310546875,36.547332763671875
2018-08-21,2218100.0,17678600.0,4979100.0,37.6295280456543,39.15480422973633,36.46266555786133
2018-08-22,1588400.0,14233100.0,2311200.0,37.66579818725586,39.07120895385742,36.368595123291016
2018-08-23,2623500.0,19954600.0,3232800.0,37.32123947143555,39.19194030761719,35.851192474365234
2018-08-24,1320700.0,20551900.0,3087100.0,37.430057525634766,39.37769317626953,36.029930114746094
2018-08-27,1690400.0,23231400.0,3447800.0,37.62046813964844,38.61613845825195,36.31214904785156
2018-08-28,1815900.0,18853600.0,2828900.0,37.511653900146484,38.541839599609375,36.359188079833984
2018-08-29,1779300.0,14976300.0,2995400.0,37.71113967895508,38.541839599609375,36.519107818603516
2018-08-30,1408300.0,15194900.0,2822300.0,37.393775939941406,38.541839599609375,36.613182067871094
2018-08-31,2155800.0,19908500.0,3605600.0,36.72279739379883,38.56041717529297,36.06755828857422
2018-09-04,2011400.0,14492200.0,3053200.0,36.57771682739258,38.421104431152344,35.5783805847168
2018-09-05,1486900.0,20702000.0,2678300.0,36.387306213378906,38.86689376831055,35.21149826049805
2018-09-06,2543300.0,17416300.0,2252300.0,36.0699462890625,38.801883697509766,34.87282943725586
2018-09-07,2015300.0,20134400.0,2167200.0,35.906734466552734,39.19194030761719,34.976314544677734
2018-09-10,1934000.0,20381600.0,3072800.0,35.634708404541016,39.06193161010742,35.51252746582031
2018-09-11,2405700.0,18651600.0,3783800.0,35.35362243652344,39.29411315917969,35.71949005126953
2018-09-12,2469800.0,16611200.0,7607100.0,35.689117431640625,39.38697814941406,35.644229888916016
2018-09-13,1677800.0,17709800.0,5416000.0,35.66191864013672,39.79561233520508,35.39963912963867
2018-09-14,2307300.0,15939900.0,3847800.0,35.37175369262695,39.89777755737305,35.23031234741211
2018-09-17,1885700.0,16038200.0,3833900.0,35.55310821533203,39.94420623779297,35.33378982543945
2018-09-18,2769000.0,19416500.0,3625400.0,35.93393325805664,40.4085693359375,35.267940521240234
2018-09-19,2612000.0,22564600.0,2142600.0,35.86139678955078,40.176387786865234,35.089202880859375
2018-09-20,1985100.0,17476100.0,1839100.0,36.15155792236328,40.63146209716797,35.48431396484375
2018-09-21,2225100.0,35192200.0,1705200.0,36.541446685791016,40.91936492919922,35.446678161621094
2018-09-24,1497200.0,17162800.0,2143300.0,36.45077133178711,40.79862594604492,35.606597900390625
2018-09-25,1979400.0,14533700.0,6051500.0,36.595855712890625,40.668609619140625,36.396812438964844
2018-09-26,1795100.0,17442900.0,6031900.0,36.74999237060547,40.56644821166992,36.763702392578125
2018-09-27,1654600.0,14124700.0,5442400.0,36.73186492919922,40.77077102661133,37.36576843261719
2018-09-28,1337600.0,14662800.0,3611000.0,36.423580169677734,40.928653717041016,37.22465896606445
2018-10-01,1829500.0,16008100.0,2543500.0,36.314762115478516,41.1143913269043,37.158809661865234
2018-10-02,1539900.0,17236900.0,1868200.0,36.423580169677734,41.06795883178711,37.37517166137695
2018-10-03,1475700.0,22730200.0,6248900.0,36.7137336730957,41.61590576171875,37.70443344116211
2018-10-04,2172800.0,17989000.0,4986500.0,36.414512634277344,41.51374053955078,37.168209075927734
2018-10-05,1644600.0,17184600.0,3303400.0,36.09715270996094,41.70877456665039,36.74488067626953
2018-10-08,2081400.0,23415200.0,2906300.0,35.634708404541016,42.05240249633789,36.076961517333984
2018-10-09,2704400.0,20386000.0,3946400.0,35.78886032104492,42.22885513305664,36.0111198425293
2018-10-10,2316500.0,32017300.0,3227800.0,35.57124328613281,41.337284088134766,35.79474639892578
2018-10-11,3486600.0,42029600.0,6067200.0,34.88212585449219,39.75846862792969,35.4090461730957
2018-10-12,4188200.0,28858700.0,3687000.0,34.73704147338867,40.65932083129883,34.948097229003906
2018-10-15,3278600.0,22773000.0,3034700.0,35.253883361816406,40.046363830566406,35.24912643432617
2018-10-16,2740600.0,21208400.0,7622100.0,36.08808135986328,40.79862594604492,36.763702392578125
2018-10-17,1510600.0,21967900.0,4895200.0,36.0336799621582,41.39301300048828,36.96125411987305
2018-10-18,2174300.0,21345700.0,5896100.0,35.91580581665039,40.86363983154297,36.64140701293945
2018-10-19,4203700.0,18562500.0,3574900.0,37.058284759521484,41.327999114990234,36.88599395751953
2018-10-22,2875300.0,17103300.0,4488600.0,36.72279739379883,41.2072639465332,37.1494026184082
2018-10-23,3330400.0,21891000.0,4603400.0,36.84067153930664,40.95651626586914,37.243473052978516
2018-10-24,4025700.0,35035300.0,5809500.0,35.69818115234375,39.45198440551758,35.61601257324219
2018-10-25,3984000.0,36623000.0,5385300.0,35.84326171875,40.315696716308594,35.54074478149414
2018-10-26,3140400.0,28743200.0,3960300.0,35.65285110473633,39.56342697143555,35.65363693237305
2018-10-29,2396100.0,30215900.0,7780900.0,35.65285110473633,40.14852523803711,35.74771499633789
2018-10-30,3373000.0,33609300.0,4884100.0,35.91580581665039,39.832763671875,36.171043395996094
2018-10-31,6854000.0,26748800.0,4638500.0,35.4171028137207,39.99064636230469,36.481483459472656
2018-11-01,5068000.0,23034300.0,2853700.0,35.98834228515625,40.557167053222656,36.227481842041016
2018-11-02,2977700.0,22982000.0,3369200.0,35.21761703491211,39.86991500854492,35.606597900390625
2018-11-05,2860900.0,20520300.0,4129000.0,36.314762115478516,40.4178581237793,36.679039001464844
2018-11-06,2001200.0,21057100.0,2778700.0,36.08808135986328,39.94420623779297,36.08637619018555
2018-11-07,3118600.0,34909800.0,3950600.0,37.003883361816406,41.23513412475586,36.88599395751953
2018-11-08,2447700.0,24380000.0,5475600.0,37.393775939941406,41.03858947753906,38.24064636230469
2018-11-09,1768300.0,24708400.0,5144700.0,37.448184967041016,41.44102096557617,38.54167556762695
2018-11-12,1940900.0,20734200.0,4398100.0,37.203369140625,41.281925201416016,38.48523712158203
2018-11-13,2400700.0,19126200.0,9200700.0,37.53886795043945,40.7297477722168,39.03085708618164
2018-11-14,2414700.0,26943900.0,5425000.0,37.076419830322266,40.15885925292969,38.946189880371094
2018-11-15,4973200.0,24607500.0,6780000.0,37.08638000488281,40.43962097167969,38.946189880371094
2018-11-16,3574700.0,23344000.0,7069200.0,37.02213668823242,40.720394134521484,38.259456634521484
2018-11-19,3114900.0,22458800.0,6167500.0,37.47183609008789,41.347434997558594,38.381752014160156
2018-11-20,2443600.0,21791800.0,4330000.0,37.28828430175781,40.739105224609375,37.94902420043945
2018-11-21,2462000.0,18658300.0,1771000.0,37.17815399169922,40.336673736572266,37.84553909301758
2018-11-23,808600.0,8390900.0,2185400.0,37.31581497192383,40.37411117553711,37.817317962646484
2018-11-26,2472700.0,19115700.0,3674000.0,37.22404098510742,40.5612907409668,37.713836669921875
2018-11-27,1886900.0,18753200.0,5834400.0,37.08638000488281,41.244483947753906,37.535099029541016
2018-11-28,4211000.0,18873500.0,5109000.0,37.802223205566406,42.02126693725586,37.7420539855957
2018-11-29,1867100.0,24729900.0,4519000.0,37.894004821777344,42.592159271240234,37.826725006103516
2018-11-30,3472000.0,42746200.0,4478900.0,38.426292419433594,43.26599884033203,37.4598388671875
2018-12-03,12595800.0,25399600.0,6550400.0,35.43442153930664,43.04138946533203,37.21525192260742
2018-12-04,6611100.0,27233300.0,5955700.0,35.18662643432617,42.24588394165039,37.50687789916992
2018-12-06,6247600.0,30539400.0,5609400.0,34.34229278564453,42.09614181518555,36.56614303588867
2018-12-07,6197500.0,26531200.0,3825900.0,34.23216247558594,41.104103088378906,35.91704177856445
2018-12-10,4645200.0,24846200.0,6815800.0,34.58091354370117,41.5533332824707,36.1334114074707
2018-12-11,3625400.0,22680200.0,6533300.0,34.287227630615234,41.18833541870117,36.368595123291016
2018-12-12,2437000.0,19147000.0,4978200.0,34.58091354370117,41.32872009277344,36.60377502441406
2018-12-13,2266800.0,22404100.0,2060400.0,34.81953048706055,41.71242904663086,36.914215087890625
2018-12-14,4222600.0,31333000.0,4628400.0,34.51667785644531,40.99179458618164,36.829551696777344
2018-12-17,4058500.0,36671600.0,4360600.0,34.02108383178711,40.346038818359375,36.076961517333984
2018-12-18,4396200.0,29531100.0,2882100.0,34.03943634033203,39.681556701660156,35.96407699584961
2018-12-19,15393400.0,35045500.0,4191500.0,34.32394790649414,39.27912521362305,35.71949005126953
2018-12-20,6731700.0,32727400.0,4608600.0,34.78281784057617,39.26041030883789,35.78533935546875
2018-12-21,4567800.0,58755400.0,3445700.0,34.489139556884766,39.24169158935547,35.2867546081543
2018-12-24,2187600.0,18764900.0,3341300.0,34.177101135253906,37.95016860961914,34.67527770996094
2018-12-26,2996200.0,24133900.0,4502500.0,34.874595642089844,39.485015869140625,35.38082504272461
2018-12-27,3731600.0,27414300.0,6091200.0,34.874595642089844,40.10270309448242,35.089202880859375
2018-12-28,2869900.0,24175500.0,3241100.0,35.01225662231445,40.20565414428711,35.53134536743164
2018-12-31,1922100.0,19482000.0,1625600.0,35.06732177734375,40.851417541503906,35.72889709472656
2019-01-02,2381700.0,25076200.0,3594000.0,34.76446533203125,40.47705841064453,35.55956268310547
2019-01-03,2756700.0,27043200.0,5013500.0,34.71858215332031,39.34463882446289,36.05815505981445
2019-01-04,2960400.0,25754600.0,2854000.0,35.443603515625,40.24308776855469,36.8577766418457
2019-01-07,3403400.0,19919800.0,5738700.0,35.61797332763672,40.45833969116211,36.481483459472656
2019-01-08,3114600.0,18669100.0,4697400.0,35.847415924072266,40.64552307128906,35.8700065612793
2019-01-09,2241800.0,19077400.0,6482000.0,35.97590255737305,40.5612907409668,35.55956268310547
2019-01-10,2972500.0,37695600.0,4809000.0,36.12274169921875,39.59733200073242,35.99230194091797
2019-01-11,3552700.0,19985300.0,5401000.0,36.14109802246094,40.13078308105469,34.75994873046875
2019-01-14,5207100.0,16703200.0,13875300.0,35.43442153930664,39.653480529785156,33.44292068481445
2019-01-15,3528700.0,24540200.0,10138800.0,35.838233947753906,39.99040222167969,33.96973419189453
2019-01-16,3627300.0,28623700.0,7091500.0,35.25087356567383,39.410152435302734,33.668701171875
2019-01-17,3817900.0,22938600.0,4168300.0,35.77399444580078,39.7470703125,34.13906478881836
2019-01-18,5922500.0,36639900.0,4366500.0,35.847415924072266,39.80322265625,34.38365173339844
2019-01-22,2807700.0,27935600.0,7044100.0,35.76481628417969,39.55989074707031,34.1202507019043
2019-01-23,2735400.0,23209500.0,7925300.0,35.856590270996094,39.456947326660156,34.51535415649414
2019-01-24,4394600.0,32631900.0,6285400.0,35.21416091918945,38.32452392578125,33.668701171875
2019-01-25,2850000.0,34025100.0,6896600.0,35.26005172729492,38.03439712524414,33.631072998046875
2019-01-28,2520900.0,37314700.0,3998900.0,35.278404235839844,36.99556350708008,33.3864860534668
2019-01-29,2263800.0,48744600.0,4498800.0,35.53538131713867,38.15605926513672,33.44292068481445
2019-01-30,5768300.0,34220000.0,4823500.0,35.52619934082031,38.914127349853516,33.819217681884766
2019-01-31,4001700.0,38830600.0,4978500.0,35.97590255737305,40.07532501220703,34.41188049316406
2019-02-01,2313900.0,25844100.0,3587800.0,35.97590255737305,40.48126983642578,34.47773361206055
2019-02-04,2166300.0,18431200.0,2652500.0,35.920833587646484,40.06588363647461,34.581207275390625
2019-02-05,3197300.0,20045200.0,2281600.0,36.20533752441406,39.75434875488281,34.80698013305664
2019-02-06,5727700.0,15607600.0,3083500.0,37.33416748046875,39.9620361328125,34.684688568115234
2019-02-07,3674200.0,23005700.0,3357000.0,37.233219146728516,39.367279052734375,34.75053787231445
2019-02-08,3130100.0,26091200.0,3424100.0,37.710453033447266,39.86763381958008,34.81638717651367
2019-02-11,5360900.0,25713600.0,3903900.0,36.921180725097656,39.34840393066406,34.505950927734375
2019-02-12,3235400.0,28975500.0,3729300.0,37.19650650024414,39.52777099609375,34.9951286315918
2019-02-13,3065400.0,23488800.0,4390500.0,37.0496711730957,39.367279052734375,34.41188049316406
2019-02-14,2940800.0,18847200.0,12341200.0,37.49937057495117,39.622169494628906,37.6103515625
2019-02-15,3213900.0,18186900.0,6410200.0,37.84811019897461,40.02812194824219,38.4946403503418
2019-02-19,2676300.0,23181200.0,8070900.0,37.894004821777344,40.21693420410156,38.06190490722656
2019-02-20,2600400.0,25953400.0,7081100.0,37.958248138427734,39.83930587768555,38.12775802612305
2019-02-21,2457800.0,18607100.0,5791400.0,37.75061798095703,39.78266525268555,38.03368377685547
2019-02-22,2279800.0,23509800.0,5956300.0,37.75992965698242,40.55679702758789,38.51345443725586
2019-02-25,2203200.0,23979900.0,5982100.0,37.70405960083008,40.67008590698242,39.04026794433594
2019-02-26,1766100.0,15701100.0,4216800.0,37.7133674621582,40.613433837890625,39.49181365966797
2019-02-27,3308600.0,15631000.0,4479300.0,37.676124572753906,40.528472900390625,39.87751007080078
2019-02-28,3600700.0,37004200.0,5698500.0,37.583003997802734,40.92498016357422,40.012237548828125
2019-03-01,2323800.0,25301500.0,4590000.0,37.610939025878906,40.934417724609375,40.185447692871094
2019-03-04,2081900.0,21637400.0,3948200.0,37.50850296020508,40.66063690185547,40.11808776855469
2019-03-05,1990600.0,25170600.0,5668200.0,37.583003997802734,40.4907112121582,40.7147102355957
2019-03-06,1517300.0,21262200.0,2490000.0,37.42470169067383,39.51832962036133,40.44526290893555
2019-03-07,3026600.0,27558000.0,5283900.0,37.3595085144043,39.074623107910156,40.08921432495117
2019-03-08,1678100.0,29702200.0,4139200.0,37.3595085144043,38.60259246826172,40.195072174072266
2019-03-11,1759600.0,27667500.0,3501500.0,37.32227325439453,39.178466796875,40.59923553466797
2019-03-12,1298100.0,22932200.0,3963400.0,37.29433059692383,39.395599365234375,40.27205276489258
2019-03-13,1164900.0,22500300.0,2973900.0,37.57368850708008,39.659934997558594,40.849430084228516
2019-03-14,1574700.0,30474000.0,3707800.0,37.648189544677734,38.885807037353516,40.67621994018555
2019-03-15,2115800.0,70938000.0,8993600.0,37.83443069458008,39.44279861450195,40.90716552734375
2019-03-18,1365000.0,18021200.0,3076200.0,37.70405960083008,39.47112274169922,40.97452926635742
2019-03-19,2210600.0,25050500.0,3209200.0,37.666812896728516,39.9337158203125,41.25358963012695
2019-03-20,2035000.0,22295100.0,3757300.0,38.00204086303711,39.81098556518555,41.3979377746582
2019-03-21,2568600.0,23019500.0,2434800.0,38.40245056152344,39.98091506958008,41.3305778503418
2019-03-22,2510400.0,18614900.0,3891200.0,38.411766052246094,39.508888244628906,40.984153747558594
2019-03-25,2105900.0,18807700.0,2971700.0,38.37451934814453,39.54664993286133,40.94565963745117
2019-03-26,2450200.0,19781100.0,3106000.0,38.73767852783203,40.0469970703125,41.320953369140625
2019-03-27,3156700.0,18458300.0,3183500.0,38.85873794555664,39.669376373291016,41.04188919067383
2019-03-28,3448600.0,16048900.0,4655900.0,38.98910140991211,39.924278259277344,41.35944747924805
2019-03-29,2364300.0,20571000.0,34782300.0,38.91461181640625,40.09420394897461,38.90559387207031
2019-04-01,2336200.0,19302700.0,8415500.0,38.93323516845703,40.44350814819336,39.713924407958984
2019-04-02,3132900.0,17670900.0,10883100.0,38.9984245300293,40.509586334228516,40.021854400634766
2019-04-03,2817700.0,15370400.0,6320000.0,38.88667297363281,40.44350814819336,39.540706634521484
2019-04-04,2198600.0,12325400.0,5580600.0,38.821495056152344,40.34910583496094,39.00182342529297
2019-04-05,1954300.0,14761900.0,5788800.0,38.73767852783203,40.585113525390625,39.1654167175293
2019-04-08,2044900.0,14620800.0,3169400.0,38.80286407470703,40.72672653198242,39.31938552856445
2019-04-09,1810200.0,17860600.0,4313100.0,38.63525390625,40.44350814819336,39.15578842163086
2019-04-10,1916000.0,12526200.0,6619000.0,38.430389404296875,40.33966064453125,39.01144790649414
2019-04-11,2750800.0,19179200.0,4514400.0,38.12309646606445,39.9053955078125,38.33783721923828
2019-04-12,2756700.0,20245300.0,7489800.0,37.80648422241211,39.37671661376953,38.0299072265625
2019-04-15,2170500.0,17422000.0,3006100.0,37.96479415893555,39.73545837402344,38.3089714050293
2019-04-16,2585500.0,26097700.0,3334300.0,37.49919891357422,38.63091278076172,37.81820297241211
2019-04-17,3807300.0,40239200.0,4408300.0,37.22914505004883,37.64909362792969,37.30818176269531
2019-04-18,2670100.0,47988400.0,5430300.0,37.10809326171875,37.17706298828125,37.33705139160156
2019-04-22,1650100.0,29429700.0,4253500.0,36.94979476928711,36.799442291259766,37.288936614990234
2019-04-23,3824800.0,25305600.0,4812200.0,37.45263671875,37.214820861816406,37.231197357177734
2019-04-24,2864200.0,20111000.0,3942000.0,37.182586669921875,37.16761779785156,37.26007080078125
2019-04-25,2036300.0,17201200.0,4729100.0,37.45263671875,37.39419174194336,37.58724594116211
2019-04-26,1931100.0,19025800.0,7190400.0,37.62025451660156,37.73406219482422,36.557594299316406
2019-04-29,2065700.0,22038900.0,5518600.0,37.666812896728516,37.37531661987305,36.74042892456055
2019-04-30,5134100.0,32600000.0,8666400.0,38.300025939941406,38.338253021240234,36.24003601074219
2019-05-01,4365500.0,19642700.0,5199600.0,37.62956237792969,38.48930358886719,35.94172286987305
2019-05-02,2390000.0,19422400.0,10215000.0,37.676124572753906,38.715877532958984,36.20154571533203
2019-05-03,2170100.0,17708500.0,3217200.0,37.946170806884766,39.074623107910156,36.96175765991211
2019-05-06,2023000.0,24642700.0,3540300.0,37.74130630493164,39.32007598876953,36.904014587402344
2019-05-07,3161800.0,26189600.0,2831200.0,36.86598205566406,38.54594802856445,36.547969818115234
2019-05-08,2034000.0,22592000.0,3193500.0,37.00566101074219,38.659236907958984,36.85590362548828
2019-05-09,1680000.0,18721500.0,3578100.0,36.9311637878418,38.706851959228516,37.01949691772461
2019-05-10,2573500.0,16500500.0,8515700.0,36.81011199951172,38.783050537109375,36.23041534423828
2019-05-13,2329000.0,26575700.0,7657400.0,36.6331901550293,38.64018630981445,35.874359130859375
2019-05-14,2328900.0,25401100.0,7164800.0,36.51212692260742,38.72590637207031,36.394004821777344
2019-05-15,2248400.0,31803300.0,4570000.0,36.85667419433594,39.192604064941406,36.259281158447266
2019-05-16,2584400.0,24201600.0,2988700.0,37.07630157470703,39.65928649902344,36.374755859375
2019-05-17,1924400.0,27692300.0,1716300.0,37.18939208984375,39.497379302978516,36.355506896972656
2019-05-20,1713400.0,23009100.0,3097000.0,37.123416900634766,39.61166763305664,36.12456130981445
2019-05-21,2231500.0,27310300.0,3438800.0,37.123416900634766,39.68785858154297,36.451744079589844
2019-05-22,2783400.0,23979700.0,2945100.0,37.886810302734375,39.99264144897461,37.15421676635742
2019-05-23,1858700.0,24189700.0,5530100.0,37.68889617919922,39.92597198486328,37.202335357666016
2019-05-24,1701900.0,14595200.0,3086600.0,37.86796188354492,39.95454406738281,37.54875946044922
2019-05-28,2790300.0,46907600.0,3807800.0,36.925506591796875,39.90692138671875,36.576839447021484
2019-05-29,2092300.0,25517800.0,3334200.0,36.64276885986328,39.73548126220703,36.11493682861328
2019-05-30,2171700.0,16455700.0,2912900.0,36.510826110839844,39.90692138671875,36.0956916809082
2019-05-31,2025300.0,21479400.0,2623000.0,36.41657638549805,39.54499816894531,35.9705924987793
2019-06-03,2122300.0,21483000.0,2409300.0,36.79356384277344,39.92597198486328,36.470985412597656
2019-06-04,2009400.0,17508100.0,3415300.0,36.652191162109375,40.22122573852539,37.134971618652344
2019-06-05,2087100.0,20321500.0,2097300.0,36.44484329223633,40.45933151245117,36.91364669799805
2019-06-06,2805900.0,23239300.0,2259500.0,36.73701477050781,40.67839050292969,37.36592483520508
2019-06-07,3377300.0,18997600.0,2070900.0,37.50982666015625,40.87840270996094,37.54875946044922
2019-06-10,2370600.0,14493100.0,2928900.0,37.81140899658203,41.021263122558594,38.097267150878906
2019-06-11,1529600.0,17849300.0,2378100.0,37.622920989990234,40.64029312133789,37.90480422973633
2019-06-12,2997900.0,15461900.0,2507300.0,37.98106002807617,41.03079605102539,38.42444610595703
2019-06-13,1705600.0,13723000.0,2020000.0,37.82084274291992,40.47837829589844,38.40519714355469
2019-06-14,1836600.0,12521700.0,1477800.0,37.81140899658203,40.72601318359375,38.17424774169922
2019-06-17,1367000.0,13372800.0,1864200.0,37.632347106933594,40.840301513671875,38.472557067871094
2019-06-18,1764500.0,21663600.0,3258500.0,37.905662536621094,41.021263122558594,39.40598678588867
2019-06-19,2525400.0,20639100.0,3027100.0,38.64078140258789,41.43081283569336,40.108463287353516
2019-06-20,3952700.0,22296300.0,3353200.0,38.0847282409668,41.52605056762695,40.041099548339844
2019-06-21,3336000.0,36187100.0,2701700.0,37.95278549194336,41.59272766113281,39.80052947998047
2019-06-24,1981800.0,23362500.0,1940000.0,38.25437545776367,41.67844009399414,39.925628662109375
2019-06-25,1406800.0,26972500.0,1382100.0,38.29207229614258,41.67844009399414,39.839019775390625
2019-06-26,1452200.0,38908300.0,1737900.0,37.82084274291992,40.945072174072266,39.42523193359375
2019-06-27,1600500.0,20868100.0,1683800.0,37.66061782836914,41.36414337158203,39.444480895996094
2019-06-28,1970300.0,37690900.0,2304800.0,37.717166900634766,41.25937271118164,39.72354507446289
2019-07-01,2331100.0,20261700.0,3032900.0,38.103580474853516,41.68796920776367,39.75241470336914
2019-07-02,1859700.0,15694400.0,2521200.0,38.56538009643555,42.1165657043457,40.1373291015625
2019-07-03,1500300.0,9770000.0,1819000.0,38.95178985595703,42.28800582885742,40.406776428222656
2019-07-05,2112700.0,17357900.0,2811700.0,38.49940872192383,41.830833435058594,39.3963623046875
2019-07-08,2503700.0,22728000.0,2090200.0,38.18839645385742,41.24032974243164,39.29051208496094
2019-07-09,3444500.0,13494600.0,1667900.0,38.40516662597656,41.3069953918457,39.20390701293945
2019-07-10,1458000.0,14514800.0,1623000.0,38.74444580078125,41.964176177978516,39.57920455932617
2019-07-11,4163100.0,36417000.0,2342500.0,38.57481002807617,40.935550689697266,38.92483901977539
2019-07-12,4314000.0,31860500.0,3229700.0,38.09415054321289,40.383140563964844,38.69388961791992
2019-07-15,2753800.0,19320600.0,2002700.0,38.54653549194336,40.716487884521484,38.703514099121094
2019-07-16,2887500.0,18551600.0,1619700.0,38.810420989990234,40.811729431152344,38.684268951416016
2019-07-17,1759000.0,15504300.0,1324400.0,38.77272033691406,40.706966400146484,38.818992614746094
2019-07-18,1734100.0,13025500.0,2783900.0,39.027183532714844,41.01174545288086,39.19428253173828
2019-07-19,1733000.0,22345900.0,3709600.0,38.60308074951172,40.735538482666016,38.60728073120117
2019-07-22,1909300.0,11909000.0,4338500.0,38.763301849365234,40.78316116333008,38.809364318847656
2019-07-23,2493900.0,18583400.0,4153100.0,38.94236373901367,41.04031753540039,39.04994201660156
2019-07-24,2794600.0,17189600.0,4281600.0,39.04603576660156,40.849830627441406,38.828609466552734
2019-07-25,3152600.0,16617300.0,10419700.0,39.14970779418945,40.64029312133789,41.051513671875
2019-07-26,2748500.0,19983100.0,4226800.0,39.4984130859375,41.04031753540039,41.86946487426758
2019-07-29,2940400.0,61251600.0,6419700.0,39.75288009643555,39.478328704833984,42.716285705566406
2019-07-30,2378500.0,90834600.0,3475500.0,39.413597106933594,36.944854736328125,42.20626449584961
2019-07-31,2647700.0,53424500.0,2255600.0,38.904666900634766,36.99247741699219,41.77323532104492
2019-08-01,2282700.0,48980000.0,2686200.0,39.093162536621094,36.77136993408203,42.34098815917969
2019-08-02,2320000.0,27660000.0,4267500.0,38.687904357910156,36.531036376953125,42.61042785644531
2019-08-05,2421200.0,43671900.0,3823200.0,38.03760528564453,35.5312385559082,41.917579650878906
2019-08-06,2514400.0,30347100.0,3936500.0,37.99048614501953,35.52162551879883,41.97531509399414
2019-08-07,3136500.0,30376900.0,4018600.0,38.17897415161133,35.16592788696289,42.26400375366211
2019-08-08,1681600.0,22159800.0,2368900.0,38.61357116699219,35.44471740722656,42.9154167175293
2019-08-09,1539700.0,24090800.0,4127300.0,38.584964752197266,34.94481658935547,43.52793884277344
2019-08-12,1301400.0,41117300.0,2377200.0,38.365684509277344,34.02193069458008,43.12931442260742
2019-08-13,5184300.0,43215800.0,3457500.0,38.756587982177734,33.839271545410156,43.61544418334961
2019-08-14,2540500.0,36654100.0,2793400.0,37.831764221191406,32.916385650634766,42.594573974609375
2019-08-15,1987100.0,29140100.0,1919600.0,38.09872055053711,33.14710998535156,42.954307556152344
2019-08-16,1367100.0,28474700.0,1495500.0,38.31800842285156,33.3105354309082,43.109867095947266
2019-08-19,1718800.0,20870300.0,1521000.0,38.4896240234375,33.820045471191406,43.18764877319336
2019-08-20,1528600.0,18911300.0,5067900.0,38.384742736816406,33.27207946777344,43.38209915161133
2019-08-21,1932600.0,18224600.0,6007200.0,38.794715881347656,33.522029876708984,44.15990447998047
2019-08-22,2200000.0,16065600.0,4555100.0,39.07121276855469,33.72391891479492,44.15018081665039
2019-08-23,3375500.0,26342800.0,3752200.0,39.27143096923828,33.01251983642578,43.34321212768555
2019-08-26,1802600.0,16573700.0,2435000.0,39.36677551269531,33.49319076538086,43.58627700805664
2019-08-27,1583700.0,23449100.0,2333900.0,39.33816909790039,33.01251983642578,43.6348876953125
2019-08-28,1754100.0,24713400.0,2131700.0,39.385841369628906,33.72391891479492,43.557106018066406
2019-08-29,2629600.0,18605600.0,2692900.0,39.77674865722656,33.96425247192383,44.15990447998047
2019-08-30,2086900.0,17906400.0,2413600.0,39.64326858520508,34.175743103027344,43.78072738647461
2019-09-03,3468700.0,25260900.0,2263600.0,40.44413757324219,34.72370910644531,44.014068603515625
2019-09-04,1994400.0,19591500.0,1741800.0,40.406005859375,34.44491958618164,44.08212661743164
2019-09-05,2200900.0,20964700.0,1610000.0,40.13904571533203,34.93520736694336,43.51821517944336
2019-09-06,1319000.0,19804000.0,1888700.0,40.1295166015625,35.089019775390625,43.49877166748047
2019-09-09,2189100.0,23411400.0,2821900.0,39.54792022705078,35.40626525878906,42.5848503112793
2019-09-10,2949100.0,30598100.0,4102700.0,38.98540496826172,35.935001373291016,42.069557189941406
2019-09-11,2793100.0,16094100.0,7843500.0,38.91866683959961,35.963844299316406,41.90427017211914
2019-09-12,1709300.0,15837100.0,6763500.0,39.1188850402832,35.838863372802734,41.70981979370117
2019-09-13,1899400.0,22864900.0,3658900.0,38.98540496826172,35.48316955566406,41.58342742919922
2019-09-16,1680500.0,18858700.0,2502200.0,38.70891189575195,35.40626525878906,41.33063888549805
2019-09-17,1322600.0,20960100.0,4918500.0,39.18561935424805,35.089019775390625,41.933441162109375
2019-09-18,1189400.0,18671300.0,2096200.0,39.14748764038086,34.97365951538086,42.36123275756836
2019-09-19,2023600.0,16837200.0,4153700.0,39.3953742980957,35.0986328125,43.372379302978516
2019-09-20,2911800.0,43634400.0,4868200.0,39.69093704223633,35.271671295166016,43.92656707763672
2019-09-23,3346300.0,16409100.0,2457000.0,39.96742630004883,34.83906936645508,43.33348846435547
2019-09-24,2541800.0,22947400.0,2878400.0,40.110443115234375,34.617958068847656,43.916839599609375
2019-09-25,2071900.0,19231200.0,4193600.0,39.48118209838867,34.51221466064453,44.08212661743164
2019-09-26,2956800.0,16185700.0,4677500.0,40.08184051513672,34.396854400634766,44.20852279663086
2019-09-27,2372000.0,16682800.0,2299500.0,40.36786651611328,34.81984329223633,44.02378845214844
2019-09-30,3684400.0,16323900.0,3505100.0,40.6920280456543,34.541053771972656,43.33348846435547
2019-10-01,1818200.0,20885200.0,3077900.0,40.33926773071289,34.06038284301758,42.448734283447266
2019-10-02,2956200.0,21307400.0,3140100.0,39.27143096923828,33.358604431152344,41.28202819824219
2019-10-03,2015200.0,20945100.0,2001900.0,39.519325256347656,34.07960891723633,41.972328186035156
2019-10-04,1621600.0,17139800.0,1878400.0,40.03417205810547,34.541053771972656,42.10844421386719
2019-10-07,1447400.0,11156900.0,2254300.0,40.23439025878906,34.44491958618164,42.23483657836914
2019-10-08,1933200.0,14005000.0,3093000.0,39.92929458618164,34.06038284301758,41.8459358215332
2019-10-09,1581700.0,12935800.0,1981500.0,40.11997985839844,34.310333251953125,42.195945739746094
2019-10-10,2648400.0,11573700.0,6218200.0,40.28205871582031,34.406463623046875,42.39039993286133
2019-10-11,2981100.0,17501000.0,3842900.0,40.2153205871582,34.71409606933594,42.37095642089844
2019-10-14,1419500.0,8255200.0,2651700.0,40.205787658691406,34.896751403808594,42.623741149902344
2019-10-15,2319400.0,14400600.0,2230100.0,40.301124572753906,35.089019775390625,42.98347473144531
2019-10-16,2667600.0,13696200.0,1663000.0,40.31066131591797,34.93520736694336,42.575130462646484
2019-10-17,1624600.0,14527600.0,2431500.0,40.49181365966797,35.05056381225586,42.905696868896484
2019-10-18,1428100.0,13490700.0,1650700.0,40.54901885986328,35.05056381225586,42.65290451049805
2019-10-21,1931000.0,12558900.0,2389900.0,40.61575698852539,35.05056381225586,42.50707244873047
2019-10-22,2813600.0,13804000.0,2657000.0,40.53948211669922,35.021728515625,42.70151901245117
2019-10-23,3328200.0,13283300.0,3684600.0,41.25455093383789,35.34857940673828,43.450157165527344
2019-10-24,3583900.0,18973800.0,6002800.0,41.96961212158203,34.983272552490234,45.93913650512695
2019-10-25,2956800.0,16601200.0,2669400.0,41.7789306640625,35.34857940673828,46.34748458862305
2019-10-28,3858200.0,24478500.0,4679800.0,42.33191680908203,35.838863372802734,46.42526626586914
2019-10-29,3174200.0,30561700.0,2264200.0,42.513065338134766,36.732913970947266,46.26970291137695
2019-10-30,6107700.0,20891300.0,3751100.0,43.51416015625,36.99247741699219,47.660030364990234
2019-10-31,4147900.0,23282600.0,5668200.0,43.66670608520508,36.88673400878906,47.66975021362305
2019-11-01,2777200.0,18276300.0,2804100.0,43.16139221191406,36.90595626831055,47.047508239746094
2019-11-04,2794300.0,16802400.0,2324000.0,42.93257141113281,36.559871673583984,46.77527618408203
2019-11-05,3902900.0,20577300.0,3638300.0,42.20797348022461,36.03113555908203,45.890525817871094
2019-11-06,2311100.0,17796300.0,4024500.0,42.29377746582031,36.1561164855957,46.026641845703125
2019-11-07,1630900.0,21562900.0,3143500.0,42.150760650634766,35.82609558105469,45.50162124633789
2019-11-08,2020400.0,25262700.0,5334000.0,42.350982666015625,35.961978912353516,45.948856353759766
2019-11-11,1974200.0,11900300.0,1957300.0,42.19843292236328,35.84550476074219,45.579402923583984
2019-11-12,2159900.0,12655000.0,2533500.0,42.446327209472656,35.88433074951172,45.77385330200195
2019-11-13,1328300.0,24530600.0,2009400.0,42.579803466796875,35.52519226074219,46.493324279785156
2019-11-14,1808500.0,23900000.0,1498700.0,42.270362854003906,35.47666549682617,46.055809020996094
2019-11-15,2305400.0,34515000.0,2267000.0,42.5017204284668,36.18522644042969,46.123863220214844
2019-11-18,3209800.0,0.0,1860500.0,42.73307800292969,36.18522644042969,46.609989166259766
2019-11-19,2168800.0,25118700.0,2105200.0,42.896949768066406,36.5540657043457,46.34748458862305
2019-11-20,2537100.0,18925600.0,2265900.0,42.33784484863281,35.961978912353516,45.70579147338867
2019-11-21,2511500.0,19869600.0,2394800.0,42.44388198852539,36.631717681884766,46.28915023803711
2019-11-22,2151500.0,24235300.0,2008700.0,42.424598693847656,37.20439529418945,46.639163970947266
2019-11-25,2998800.0,29973800.0,2647000.0,42.87767028808594,37.54411697387695,47.416969299316406
2019-11-26,5265200.0,32846900.0,1613200.0,43.19578552246094,37.16557312011719,47.40724563598633
2019-11-27,6226500.0,18217300.0,3655300.0,43.8127326965332,37.49558639526367,47.416969299316406
2019-11-29,3491500.0,9292100.0,1445300.0,43.84164810180664,37.388816833496094,47.135013580322266
2019-12-02,2874700.0,14844400.0,8550200.0,43.311466217041016,37.16557312011719,47.03778839111328
2019-12-03,2641900.0,19800600.0,3058500.0,43.04154968261719,36.9326171875,46.561378479003906
2019-12-04,3053900.0,13758300.0,4901000.0,43.44641876220703,37.01997756958008,46.8627815246582
2019-12-05,4666700.0,12427000.0,2302400.0,43.58137512207031,36.91320037841797,46.29887008666992
2019-12-06,2550100.0,12209400.0,2477400.0,43.870567321777344,37.16557312011719,46.357208251953125
2019-12-09,3592000.0,14840200.0,4628100.0,43.986244201660156,37.19468688964844,46.44470977783203
2019-12-10,2260900.0,18189100.0,3441400.0,44.48751449584961,37.3499870300293,46.64888381958008
2019-12-11,2106100.0,14771700.0,3233500.0,44.622467041015625,37.09762954711914,46.853057861328125
2019-12-12,2451300.0,12727200.0,1930000.0,44.27544021606445,37.40822982788086,46.590545654296875
2019-12-13,2397900.0,15824000.0,1825400.0,44.32363510131836,37.20439529418945,47.018341064453125
2019-12-16,3868300.0,22948600.0,3149800.0,45.19121551513672,37.99060821533203,47.941986083984375
2019-12-17,2132500.0,27550300.0,1405000.0,44.959861755371094,37.757659912109375,47.611419677734375
2019-12-18,2368200.0,25938700.0,3365900.0,45.19121551513672,37.74795150756836,47.873931884765625
2019-12-19,1827000.0,20894000.0,4377300.0,45.316532135009766,37.82560348510742,48.583675384521484
2019-12-20,2710300.0,55218000.0,4715100.0,45.6153678894043,38.077964782714844,49.06007766723633
2019-12-23,2131200.0,16560100.0,3189900.0,45.162296295166016,38.165321350097656,48.50589370727539
2019-12-24,655400.0,4921900.0,755800.0,45.21049499511719,38.13620376586914,48.4864501953125
2019-12-26,1157800.0,8903300.0,1013100.0,45.22013854980469,38.22356033325195,48.467002868652344
2019-12-27,2086400.0,9599300.0,1636200.0,45.58644485473633,38.165321350097656,49.04063415527344
2019-12-30,1594700.0,10962300.0,1960300.0,45.384010314941406,37.767364501953125,48.622562408447266
2019-12-31,2059400.0,14398200.0,1750000.0,45.29725646972656,38.0294303894043,48.47672653198242
2020-01-02,2462400.0,15668000.0,3587300.0,45.229774475097656,37.99060821533203,48.99202346801758
2020-01-03,2149100.0,14158300.0,1208700.0,44.805625915527344,37.786773681640625,48.700347900390625
2020-01-06,2034500.0,14963900.0,1992300.0,44.82490158081055,37.73823928833008,48.49617385864258
2020-01-07,1718900.0,19077900.0,1871900.0,44.54534912109375,37.612064361572266,48.68090057373047
2020-01-08,1766700.0,15563100.0,1869000.0,44.7381477355957,37.912960052490234,48.564231872558594
2020-01-09,2169400.0,20846200.0,1959000.0,44.969505310058594,37.74795150756836,48.69062423706055
2020-01-10,1933300.0,20452900.0,1872900.0,45.10445785522461,38.330326080322266,48.467002868652344
2020-01-13,1858000.0,14603800.0,2395900.0,45.258697509765625,38.2526741027832,48.291996002197266
2020-01-14,1767700.0,19847400.0,2230800.0,45.34545135498047,38.89329528808594,48.78784942626953
2020-01-15,2196700.0,22700000.0,2489400.0,45.894920349121094,39.47567367553711,49.39064407348633
2020-01-16,3086300.0,15385600.0,3078300.0,45.46113204956055,39.41743850708008,49.10869216918945
2020-01-17,3286700.0,21901300.0,2685900.0,46.16482925415039,39.32037353515625,49.905948638916016
2020-01-21,3622400.0,21931400.0,1964100.0,45.788883209228516,39.155372619628906,49.39064407348633
2020-01-22,2608500.0,17170600.0,1924000.0,46.06843566894531,39.00977325439453,49.050357818603516
2020-01-23,3319800.0,25757600.0,1560800.0,46.09735107421875,39.51449966430664,48.80729675292969
2020-01-24,6967900.0,32394400.0,4466500.0,45.52860641479492,38.650638580322266,47.912818908691406
2020-01-27,3583200.0,30326400.0,2265600.0,44.805625915527344,38.98065185546875,47.54336166381836
2020-01-28,2989600.0,66605700.0,1765400.0,45.114097595214844,37.01997756958008,48.22393798828125
2020-01-29,2207800.0,32415300.0,4044800.0,45.490047454833984,36.476417541503906,48.28227615356445
2020-01-30,2180900.0,30660900.0,5974200.0,45.28761291503906,36.34894561767578,47.728092193603516
2020-01-31,3258300.0,32157500.0,4129300.0,45.114097595214844,36.51564407348633,47.348907470703125
2020-02-03,2517700.0,19806200.0,1990900.0,45.0466194152832,36.78038787841797,47.16417694091797
2020-02-04,2584800.0,29554900.0,1698800.0,45.42257308959961,36.956886291503906,47.40724563598633
2020-02-05,9638500.0,27935000.0,2303000.0,43.44641876220703,37.427547454833984,48.35033416748047
2020-02-06,6782500.0,19969400.0,2531000.0,42.549922943115234,37.51579666137695,48.64200973510742
2020-02-07,4307800.0,20781400.0,1995500.0,42.366764068603516,37.30988311767578,48.02949142456055
2020-02-10,2296000.0,18973800.0,1983200.0,43.00299072265625,37.074554443359375,48.52534103393555
2020-02-11,3783800.0,15206200.0,1848800.0,42.81983184814453,37.34910583496094,48.39894485473633
2020-02-12,3180200.0,21768800.0,2483000.0,42.63667678833008,37.005916595458984,48.204498291015625
2020-02-13,2885100.0,20967500.0,2807500.0,42.20288848876953,36.211669921875,47.96143341064453
2020-02-14,3229300.0,19930500.0,6665400.0,42.16433334350586,35.79983901977539,46.522491455078125
2020-02-18,5464100.0,17066900.0,3927900.0,41.98117446899414,35.61353302001953,47.747535705566406
2020-02-19,3540400.0,16841500.0,3269000.0,41.923336029052734,35.52528381347656,47.941986083984375
2020-02-20,4878600.0,40752500.0,3000200.0,41.7952880859375,35.15267562866211,47.58224868774414
2020-02-21,3832900.0,30764000.0,4105800.0,42.108070373535156,35.02520751953125,48.77812194824219
2020-02-24,4794100.0,36024000.0,4537600.0,40.9742431640625,33.99562454223633,46.26970291137695
2020-02-25,4105100.0,39733300.0,4347100.0,40.544166564941406,33.270023345947266,45.77385330200195
2020-02-26,3025400.0,45464900.0,3900300.0,40.95469284057617,34.04465866088867,46.25025939941406
2020-02-27,5460800.0,52604200.0,4055800.0,40.65168762207031,33.43671417236328,44.71255111694336
2020-02-28,11109300.0,62686900.0,5656500.0,39.6156005859375,32.76994323730469,43.4526252746582
2020-03-02,10632600.0,39880900.0,6134400.0,41.59002685546875,34.20154571533203,45.50620651245117
2020-03-03,8499400.0,43808800.0,4247800.0,40.368228912353516,33.63282775878906,45.15898513793945
2020-03-04,5179800.0,36728800.0,3337400.0,42.371978759765625,35.691978454589844,48.21455383300781
2020-03-05,5202800.0,33298200.0,5756900.0,41.629127502441406,34.770263671875,47.99630355834961
2020-03-06,5125500.0,38834000.0,3439100.0,41.423866271972656,34.33882141113281,47.143123626708984
2020-03-09,7119200.0,40971400.0,5031200.0,39.80131912231445,33.103328704833984,44.87128448486328
2020-03-10,8875700.0,38470900.0,9144800.0,40.094547271728516,33.91718292236328,46.52804183959961
2020-03-11,8864100.0,62002100.0,5829400.0,38.970489501953125,31.54425621032715,44.2264404296875
2020-03-12,10242900.0,59517500.0,5412900.0,35.68629837036133,29.436077117919922,40.43673324584961
2020-03-13,8672200.0,57450700.0,11898000.0,36.996063232421875,32.07374954223633,41.944679260253906
2020-03-16,9431100.0,48382400.0,7346800.0,32.91036605834961,29.592966079711914,37.490291595458984
2020-03-17,6324800.0,51442700.0,5411700.0,36.01862335205078,31.53445053100586,40.60538864135742
2020-03-18,7556000.0,41636600.0,4909200.0,33.50660705566406,31.73056411743164,39.0478401184082
2020-03-19,9060300.0,56756100.0,9234700.0,32.90059280395508,29.828296661376953,39.81173324584961
2020-03-20,7013400.0,49799800.0,10050700.0,32.58781814575195,28.445724487304688,39.10736083984375
2020-03-23,7672900.0,50145200.0,5674000.0,31.131431579589844,27.93583869934082,38.47243881225586
2020-03-24,7154600.0,42188600.0,6129400.0,33.23292541503906,29.122303009033203,40.565704345703125
2020-03-25,7050900.0,42316200.0,6575400.0,34.620887756347656,29.171329498291016,40.059749603271484
2020-03-26,5785900.0,41053100.0,6742700.0,36.40959930419922,31.132427215576172,42.0240478515625
2020-03-27,6089200.0,36323700.0,6783100.0,35.61787414550781,30.298959732055664,42.133174896240234
2020-03-30,5506600.0,28409400.0,6985600.0,36.751705169677734,32.03453063964844,44.17683410644531
2020-03-31,5203200.0,27956500.0,8411200.0,37.035160064697266,32.0051155090332,44.30580520629883
2020-04-01,3653900.0,25341200.0,6097700.0,36.380279541015625,31.132427215576172,43.43278121948242
2020-04-02,3544800.0,25794000.0,5918800.0,36.849449157714844,32.23064422607422,43.412940979003906
2020-04-03,4358400.0,31155000.0,3372700.0,36.302085876464844,32.98566436767578,43.61135482788086
2020-04-06,4134800.0,38428100.0,5735200.0,37.05471420288086,33.89757537841797,43.958580017089844
2020-04-07,4121400.0,22985100.0,5600600.0,36.683284759521484,32.95624542236328,42.758174896240234
2020-04-08,2754100.0,24216300.0,3860200.0,37.22087478637695,33.9269905090332,43.502227783203125
2020-04-09,7976700.0,29141300.0,5628200.0,38.00282669067383,34.70162582397461,44.30580520629883
2020-04-13,2411600.0,17334100.0,6555700.0,38.06147384643555,34.45648956298828,46.98439025878906
2020-04-14,5908400.0,20726100.0,5109000.0,39.46898651123047,35.731201171875,48.293922424316406
2020-04-15,3286400.0,20220300.0,2901800.0,38.9216194152832,35.27034378051758,47.64907455444336
2020-04-16,5748100.0,19599100.0,3218600.0,40.85694885253906,35.182098388671875,48.740352630615234
2020-04-17,4832000.0,23154500.0,3349400.0,41.12085723876953,36.19205856323242,49.63321304321289
2020-04-20,3304300.0,21376300.0,3416400.0,40.77875518798828,35.378204345703125,50.03996276855469
2020-04-21,3569100.0,22746900.0,3545400.0,40.270484924316406,34.92715072631836,49.67289733886719
2020-04-22,3703100.0,19151900.0,2803600.0,40.96446990966797,35.54489517211914,49.96059799194336
2020-04-23,3639400.0,19151200.0,2549400.0,41.25769805908203,35.97633743286133,49.990360260009766
2020-04-24,3694500.0,16470000.0,2087600.0,41.54115295410156,36.652915954589844,50.77409362792969
2020-04-27,2624800.0,22195500.0,2105000.0,41.6682243347168,37.58443832397461,51.07171630859375
2020-04-28,3401300.0,33839400.0,5767500.0,41.140403747558594,37.172607421875,50.56576156616211
2020-04-29,4403900.0,25159900.0,3786000.0,40.905818939208984,37.37852096557617,50.317745208740234
2020-04-30,3477400.0,27933100.0,5843100.0,41.12085723876953,37.613853454589844,51.8653678894043
2020-05-01,3253200.0,21517900.0,3206400.0,40.28025817871094,36.907859802246094,51.44870376586914
2020-05-04,3823100.0,18874300.0,2852900.0,41.19905471801758,36.888248443603516,51.934814453125
2020-05-05,3935000.0,22888000.0,4579300.0,41.04266357421875,37.76093292236328,53.04593276977539
2020-05-06,3808300.0,22815400.0,6604600.0,41.43363952636719,37.76093292236328,53.611412048339844
2020-05-07,3053300.0,31827400.0,2626600.0,40.75920486450195,36.60226058959961,52.32172393798828
2020-05-08,1629300.0,18881700.0,1660100.0,40.96446990966797,36.859745025634766,52.86736297607422
2020-05-11,2903500.0,24294700.0,3094100.0,41.12085723876953,37.731224060058594,53.522125244140625
2020-05-12,3861700.0,18344700.0,2221500.0,41.25769805908203,36.998390197753906,53.68085861206055
2020-05-13,5029500.0,23336700.0,3431200.0,41.7757453918457,36.69139099121094,54.871341705322266
2020-05-14,4829100.0,21216800.0,4998300.0,40.38414001464844,37.5529670715332,53.0756950378418
2020-05-15,2550700.0,24155600.0,3716800.0,40.43355941772461,37.39451599121094,52.98640823364258
2020-05-18,5614700.0,21479200.0,4926300.0,40.79924774169922,37.70151901245117,53.026092529296875
2020-05-19,3496000.0,18478400.0,3271200.0,40.45332717895508,37.31529235839844,53.145137786865234
2020-05-20,3304300.0,16607400.0,4038000.0,40.82890319824219,37.265777587890625,53.35347366333008
2020-05-21,2282900.0,16747800.0,20428200.0,40.55215835571289,36.899356842041016,54.841575622558594
2020-05-22,1619400.0,14972700.0,6031200.0,40.41379165649414,37.13703536987305,54.78205490112305
2020-05-26,2031900.0,22068400.0,5626600.0,40.275421142578125,37.127132415771484,52.68878936767578
2020-05-27,2614500.0,24577000.0,7010200.0,40.46320724487305,37.04790496826172,52.053863525390625
2020-05-28,2925500.0,21367900.0,4445800.0,41.05622100830078,37.81045150756836,53.0756950378418
2020-05-29,3696000.0,46146300.0,7615800.0,41.431793212890625,37.82035446166992,54.166969299316406
2020-06-01,2187100.0,72945900.0,5759800.0,41.36260986328125,35.11677932739258,54.722530364990234
2020-06-02,1993700.0,40503700.0,4279400.0,41.54051208496094,35.81000518798828,54.2860221862793
2020-06-03,2638800.0,36766600.0,5464200.0,41.62946701049805,35.81000518798828,54.56379699707031
2020-06-04,2802300.0,25629400.0,4483700.0,41.164939880371094,35.66145324707031,53.4427604675293
2020-06-05,2779000.0,34825100.0,6092400.0,41.214359283447266,35.64165115356445,53.422916412353516
2020-06-08,5348700.0,28647200.0,9762600.0,41.87655258178711,36.235843658447266,52.162994384765625
2020-06-09,2937300.0,20564600.0,4782300.0,41.39226150512695,35.859519958496094,52.31180191040039
2020-06-10,3428300.0,28042900.0,4582600.0,41.91608810424805,35.57232666015625,53.21458435058594
2020-06-11,3837600.0,59930400.0,4787000.0,39.7417106628418,32.977684020996094,51.16100311279297
2020-06-12,4365600.0,35952400.0,5629000.0,39.94926452636719,33.42333221435547,51.06179428100586
2020-06-15,4211600.0,34390400.0,5711800.0,40.24577331542969,33.037105560302734,52.22251510620117
2020-06-16,4449100.0,52767500.0,5535500.0,40.838783264160156,33.07672119140625,53.15506362915039
2020-06-17,2895100.0,26089000.0,4917300.0,41.34284591674805,33.235172271728516,53.4725227355957
2020-06-18,1918000.0,30625100.0,3796100.0,40.47309494018555,32.918270111083984,52.24235534667969
2020-06-19,2284300.0,41732700.0,6807200.0,40.62134552001953,33.09652328491211,52.59950256347656
2020-06-22,2218100.0,22137100.0,3375400.0,40.73994827270508,32.789527893066406,52.9963264465332
2020-06-23,2381700.0,35759400.0,10772000.0,41.10564041137695,32.452816009521484,53.81974792480469
2020-06-24,2305300.0,29238800.0,6418600.0,40.19635009765625,31.878429412841797,51.71656036376953
2020-06-25,1886900.0,26013900.0,4948300.0,40.64111328125,32.007171630859375,52.58958053588867
2020-06-26,2567800.0,39994300.0,6234700.0,40.07775115966797,31.729883193969727,52.282039642333984
2020-06-29,2373300.0,22728900.0,4526200.0,40.275421142578125,32.324073791503906,52.49037551879883
2020-06-30,2322700.0,24147700.0,4621900.0,40.31495666503906,32.38349533081055,52.47053146362305
2020-07-01,2473700.0,69737200.0,5462000.0,40.38414001464844,33.413429260253906,52.89712142944336
2020-07-02,2713900.0,42951500.0,4591300.0,40.73994827270508,34.17597198486328,53.373313903808594
2020-07-06,2162800.0,25759900.0,5180900.0,40.53239059448242,34.17597198486328,53.670936584472656
2020-07-07,2064900.0,23859600.0,3747500.0,39.909732818603516,33.700618743896484,53.04593276977539
2020-07-08,2253800.0,23013800.0,6247800.0,40.255653381347656,33.42333221435547,53.76021957397461
2020-07-09,2770600.0,19320400.0,4203000.0,39.899845123291016,33.136138916015625,53.541969299316406
2020-07-10,3433700.0,23205900.0,5414500.0,39.44520568847656,33.502559661865234,53.3336296081543
2020-07-13,3284400.0,53670900.0,5639800.0,39.60334014892578,34.869197845458984,52.8177604675293
2020-07-14,3781100.0,31170900.0,7199600.0,40.22600555419922,34.88900375366211,53.55188751220703
2020-07-15,4900700.0,24947300.0,19902500.0,41.461448669433594,35.374263763427734,57.54000473022461
2020-07-16,2747000.0,17478000.0,12358700.0,41.006805419921875,35.25542449951172,56.974525451660156
2020-07-17,2624600.0,22151200.0,24319500.0,41.33296203613281,35.899131774902344,60.61541748046875
2020-07-20,2945300.0,34929500.0,56346600.0,41.09575653076172,36.14671325683594,58.21461486816406
2020-07-21,2907900.0,22435400.0,15419100.0,41.085872650146484,36.33487319946289,57.60945129394531
2020-07-22,2072600.0,86058400.0,9562100.0,40.690528869628906,38.18677520751953,56.52809524536133
2020-07-23,4425100.0,56584000.0,8658900.0,39.83066177368164,38.03822708129883,54.73244857788086
2020-07-24,3716000.0,32135200.0,7748000.0,39.82078170776367,37.29548645019531,55.357452392578125
2020-07-27,3000500.0,26224200.0,5660200.0,40.403907775878906,37.1766471862793,56.13127136230469
2020-07-28,4145000.0,53504700.0,4979100.0,40.81901550292969,38.6423225402832,55.873329162597656
2020-07-29,5061100.0,35136300.0,5038900.0,40.117286682128906,38.87999725341797,56.190792083740234
2020-07-30,3566900.0,30620300.0,8215100.0,39.781246185302734,38.7400016784668,57.430877685546875
2020-07-31,5256400.0,27042700.0,6844500.0,39.85042953491211,38.47999954223633,55.33761215209961
2020-08-03,2940200.0,29446300.0,4799700.0,40.80913543701172,38.349998474121094,56.36936569213867
2020-08-04,2188100.0,27939800.0,4121300.0,40.75971603393555,38.38999938964844,55.63523483276367
2020-08-05,2364000.0,23344200.0,3267200.0,40.730064392089844,38.45000076293945,55.506263732910156
2020-08-06,2896600.0,19850200.0,3532100.0,40.492862701416016,38.27000045776367,55.76420211791992
2020-08-07,2948300.0,21894600.0,3845100.0,40.31495666503906,38.45000076293945,54.97054672241211
2020-08-10,2171400.0,18941700.0,2937300.0,40.46320724487305,38.38999938964844,54.9407844543457
2020-08-11,2881500.0,20234200.0,3948900.0,40.80913543701172,37.790000915527344,54.74237060546875
2020-08-12,3314900.0,18942900.0,5466200.0,41.66899871826172,38.33000183105469,56.290000915527344
2020-08-13,2853300.0,14554100.0,3490600.0,41.189998626708984,38.16999816894531,55.79999923706055
2020-08-14,3258800.0,12240300.0,2893300.0,40.54999923706055,38.060001373291016,55.189998626708984
2020-08-17,2691100.0,16597900.0,2997600.0,41.130001068115234,38.349998474121094,56.459999084472656
2020-08-18,1989500.0,10290700.0,4174800.0,41.09000015258789,38.36000061035156,56.33000183105469
2020-08-19,1635100.0,14886200.0,3322100.0,40.7400016784668,38.2599983215332,56.22999954223633
2020-08-20,1867200.0,20832500.0,2527500.0,40.59000015258789,38.720001220703125,56.4900016784668
2020-08-21,2218100.0,24162400.0,3419200.0,40.209999084472656,38.880001068115234,55.709999084472656
2020-08-24,3578500.0,23730500.0,7379000.0,40.2400016784668,38.84000015258789,56.7599983215332
2020-08-25,1910100.0,24877800.0,3399700.0,40.13999938964844,38.40999984741211,57.0099983215332
2020-08-26,1691200.0,22849800.0,2802400.0,40.209999084472656,38.04999923706055,57.0
2020-08-27,2501300.0,21021400.0,4195100.0,39.75,37.86000061035156,56.11000061035156
2020-08-28,2110300.0,31148500.0,3251900.0,39.599998474121094,37.90999984741211,55.689998626708984
2020-08-31,2154600.0,28493800.0,3262600.0,39.599998474121094,37.790000915527344,56.0
2020-09-01,3712600.0,34308800.0,3965900.0,38.959999084472656,36.880001068115234,55.380001068115234
2020-09-02,2842700.0,27579400.0,3614200.0,39.900001525878906,37.20000076293945,55.900001525878906
2020-09-03,2763800.0,34114600.0,5122000.0,39.0099983215332,36.400001525878906,54.15999984741211
2020-09-04,3770800.0,25495500.0,4610000.0,38.470001220703125,36.36000061035156,53.58000183105469
2020-09-08,3045900.0,25367000.0,6735600.0,38.970001220703125,35.93000030517578,54.709999084472656
2020-09-09,3274000.0,26082100.0,11416300.0,39.75,36.18000030517578,53.63999938964844
2020-09-10,2627000.0,20541500.0,4407100.0,38.77000045776367,35.650001525878906,53.06999969482422
2020-09-11,2135400.0,22874100.0,4627700.0,39.11000061035156,36.06999969482422,53.72999954223633
2020-09-14,1527200.0,28050800.0,4960000.0,39.08000183105469,37.0099983215332,54.02000045776367
2020-09-15,1755800.0,20876400.0,4300900.0,39.27000045776367,36.959999084472656,55.279998779296875
2020-09-16,2089300.0,21070600.0,3948500.0,39.41999816894531,36.779998779296875,55.130001068115234
2020-09-17,2611900.0,16977600.0,3991900.0,39.470001220703125,36.81999969482422,55.939998626708984
2020-09-18,3683900.0,30070800.0,2931700.0,39.2599983215332,36.630001068115234,56.45000076293945
2020-09-21,4420800.0,25245700.0,6792700.0,38.209999084472656,36.02000045776367,55.90999984741211
2020-09-22,3299300.0,21562900.0,3878600.0,38.0,36.25,55.439998626708984
2020-09-23,3331700.0,21918900.0,2922900.0,37.790000915527344,36.0,55.65999984741211
2020-09-24,3502900.0,19791200.0,4123700.0,37.380001068115234,35.7599983215332,54.16999816894531
2020-09-25,3275200.0,13621100.0,4954900.0,37.79999923706055,36.04999923706055,55.5099983215332
2020-09-28,3008022.0,13883750.0,2741362.0,37.86000061035156,36.38999938964844,54.75
